date,goods_no,sell_num
2026-09-24,112343709,1512
2026-09-24,112347078,1392
2026-09-24,116860343,11220
2026-09-24,125137664,1296
2026-09-24,125648104,168
2026-09-24,129043457,258
2026-09-24,129602186,2448
2026-09-24,129602748,1806
2026-09-24,132766309,492
2026-09-24,139563085,774
2026-09-24,139604589,378
2026-09-24,139734696,2370
2026-09-24,141311308,48
2026-09-24,141312058,198
2026-09-24,142558644,90
2026-09-24,142637189,246
2026-09-24,144043886,1284
2026-09-24,145099755,1362
2026-09-24,145338919,552
2026-09-24,145575183,72
2026-09-24,145656189,72
2026-09-24,145995000,12
2026-09-24,146262491,144
2026-09-24,146741944,48
2026-09-24,147127904,636
2026-09-24,147341992,576
2026-09-24,147572534,258
2026-09-24,147852321,306
2026-09-24,148079920,36
2026-09-24,148080194,2793
2026-09-24,148369512,348
2026-09-24,148386650,486
2026-09-24,149195623,1962
2026-09-24,149385474,120
2026-09-24,149414736,10296
2026-09-24,149607439,636
2026-09-24,150009333,2331
2026-09-24,150547033,276
2026-09-24,151359723,426
2026-09-24,151852205,522
2026-09-24,152079426,17148
2026-09-24,152110612,414
2026-09-24,152111138,1062
2026-09-24,152119137,3210
2026-09-24,152363144,714
2026-09-24,152449732,516
2026-09-24,152498115,306
2026-09-24,152647602,966
2026-09-24,152649327,1566
2026-09-24,152814420,2748
2026-09-24,153603522,2286
2026-09-24,153717914,108
2026-09-24,154238820,444
2026-09-24,154254878,4284
2026-09-24,157776421,1422
2026-09-24,158727530,2400
2026-09-24,159039383,882
2026-09-24,159169056,222
2026-09-24,160153205,348
2026-09-24,161924116,1242
2026-09-24,162178083,852
2026-09-24,162211876,708
2026-09-24,162322988,8604
2026-09-24,165239801,9360
2026-09-24,167144757,1506
2026-09-24,167464778,294
2026-09-24,167646172,156
2026-09-24,168274102,438
2026-09-24,168457235,444
2026-09-24,168648560,390
2026-09-24,168654454,3630
2026-09-24,168841427,444
2026-09-24,169350533,264
2026-09-24,169641363,660
2026-09-24,170430984,612
2026-09-24,170473491,1938
2026-09-24,171542281,7920
2026-09-24,171567191,1536
2026-09-24,171651782,396
2026-09-24,172551312,240
2026-09-24,174304314,882
2026-09-24,175122641,1128
2026-09-24,175133788,3816
2026-09-24,175226781,948
2026-09-24,175523653,1170
2026-09-24,175863613,1575
2026-09-24,176025748,1332
2026-09-24,176921133,222
2026-09-24,176955803,102
2026-09-24,176990624,1692
2026-09-24,177059661,510
2026-09-24,177077802,1740
2026-09-24,177114666,2076
2026-09-24,177127585,270
2026-09-24,177702125,474
2026-09-24,177808924,3414
2026-09-24,178374437,852
2026-09-24,178420804,24
2026-09-24,178728314,1506
2026-09-24,179716972,2094
2026-09-24,179740114,342
2026-09-24,180335619,2328
2026-09-24,180386716,1242
2026-09-24,180391041,180
2026-09-24,180484161,840
2026-09-24,180485366,2037
2026-09-24,180491274,408
2026-09-24,180511619,60
2026-09-24,180515096,864
2026-09-24,182116268,2379
2026-09-24,182134623,6174
2026-09-24,182758744,588
2026-09-24,182813489,978
2026-09-24,182941872,24
2026-09-24,183545796,8445
2026-09-24,183572891,1164
2026-09-24,183651449,1716
2026-09-24,183714326,870
2026-09-24,183753179,789
2026-09-24,183754093,870
2026-09-24,184283938,606
2026-09-24,184394552,150
2026-09-24,184402617,882
2026-09-24,185714339,3426
2026-09-24,185721925,900
2026-09-24,185862675,252
2026-09-24,186676951,720
2026-09-24,186711413,120
2026-09-24,187039263,2322
2026-09-24,187041402,24
2026-09-24,187050404,930
2026-09-24,187166773,330
2026-09-24,187313988,660
2026-09-24,187572169,780
2026-09-24,187645465,318
2026-09-24,187927629,5370
2026-09-24,188014931,444
2026-09-24,188189600,1014
2026-09-24,188601300,1572
2026-09-24,189030113,258
2026-09-24,189037004,2391
2026-09-24,189205584,708
2026-09-24,189211422,16005
2026-09-24,189257260,1272
2026-09-24,189379748,336
2026-09-24,189404662,180
2026-09-24,189428579,138
2026-09-24,189438793,492
2026-09-24,189445450,1182
2026-09-24,189445841,36
2026-09-24,189477317,672
2026-09-24,189508675,444
2026-09-24,189521546,1302
2026-09-24,189522258,390
2026-09-24,189531001,8574
2026-09-24,189590860,564
2026-09-24,189610283,912
2026-09-24,189634812,7983
2026-09-24,189674360,3606
2026-09-24,189829859,294
2026-09-24,189850864,1032
2026-09-24,189857110,1794
2026-09-24,190211456,492
2026-09-24,190278099,1344
2026-09-24,190852162,1224
2026-09-24,190877794,294
2026-09-24,190981880,354
2026-09-24,190997764,744
2026-09-24,191005623,726
2026-09-24,191211795,2364
2026-09-24,191303626,234
2026-09-24,191479561,48
2026-09-24,191481932,3837
2026-09-24,191506324,2706
2026-09-24,191507359,2358
2026-09-24,191534262,120
2026-09-24,191700749,4437
2026-09-24,191852111,516
2026-09-24,191852992,612
2026-09-24,191890082,1302
2026-09-24,192021270,216
2026-09-24,192038123,216
2026-09-24,192047818,1566
2026-09-24,192123866,312
2026-09-24,192139754,906
2026-09-24,192148896,38193
2026-09-24,192164452,1392
2026-09-24,192285191,126
2026-09-24,192470678,1170
2026-09-24,192564687,2169
2026-09-24,192564690,1248
2026-09-24,192566622,750
2026-09-24,192666096,459
2026-09-24,192687431,12
2026-09-24,192877325,24429
2026-09-24,192974931,48
2026-09-24,193050689,1008
2026-09-24,193058538,492
2026-09-24,193157707,954
2026-09-24,193184189,1170
2026-09-24,193465618,390
2026-09-24,193466964,516
2026-09-24,193583379,1653
2026-09-24,193588890,540
2026-09-24,193592364,480
2026-09-24,193808287,306
2026-09-24,193816812,390
2026-09-24,193847679,270
2026-09-24,193850555,675
2026-09-24,193852769,2412
2026-09-24,193852891,7305
2026-09-24,193853503,102
2026-09-24,193918984,162
2026-09-24,193988162,204
2026-09-24,194188912,4269
2026-09-24,194189421,3510
2026-09-24,194190603,306
2026-09-24,194254800,2013
2026-09-24,194315477,2310
2026-09-24,194350050,3297
2026-09-24,194368478,654
2026-09-24,194490137,66
2026-09-24,194490698,684
2026-09-24,194491867,3405
2026-09-24,194502134,168
2026-09-24,194502817,1950
2026-09-24,194513646,7674
2026-09-24,194523745,366
2026-09-24,194591330,546
2026-09-24,194601369,888
2026-09-24,194606659,1074
2026-09-24,194643187,1155
2026-09-24,194751433,468
2026-09-24,194820568,3846
2026-09-24,194890597,1467
2026-09-24,194907391,3309
2026-09-24,194907757,717
2026-09-24,194919963,1032
2026-09-24,195027158,1821
2026-09-24,195027162,6132
2026-09-24,195027680,876
2026-09-24,195030345,1326
2026-09-24,195042550,9195
2026-09-24,195075733,585
2026-09-24,195075984,882
2026-09-24,195093975,120
2026-09-24,195125344,666
2026-09-24,195137581,2898
2026-09-24,195141280,3126
2026-09-24,195212300,336
2026-09-24,195217540,282
2026-09-24,195220905,324
2026-09-24,195234494,168
2026-09-24,195235902,612
2026-09-24,195238254,1254
2026-09-24,195254242,903
2026-09-24,195257074,1470
2026-09-24,195265923,7248
2026-09-24,195277760,741
2026-09-24,195413173,648
2026-09-24,195413175,3342
2026-09-24,195413176,1863
2026-09-24,195414502,504
2026-09-24,195436652,2796
2026-09-24,195440647,1020
2026-09-24,195475095,930
2026-09-24,195475100,1200
2026-09-24,195475102,1284
2026-09-24,195479527,1332
2026-09-24,195593367,2766
2026-09-24,195612765,5781
2026-09-24,195614571,84
2026-09-24,195775257,1914
2026-09-24,195776621,1587
2026-09-24,195811384,1074
2026-09-24,195827616,1116
2026-09-24,195827803,1560
2026-09-24,195828801,1488
2026-09-24,195832463,2994
2026-09-24,195853109,984
2026-09-24,195856718,621
2026-09-24,195959641,6363
2026-09-24,196013239,1707
2026-09-24,196016066,348
2026-09-24,196019732,1074
2026-09-24,196020146,5307
2026-09-24,196106713,1074
2026-09-24,196106714,4716
2026-09-24,196113383,1440
2026-09-24,196118220,4053
2026-09-24,196123705,528
2026-09-24,196209093,1212
2026-09-24,196263351,3654
2026-09-24,196266161,666
2026-09-24,196285732,180
2026-09-24,196319354,468
2026-09-24,196345627,1578
2026-09-24,196353226,432
2026-09-24,196359755,1935
2026-09-24,196487132,42
2026-09-24,196504323,120
2026-09-24,196512169,1176
2026-09-24,196521682,1896
2026-09-24,196551222,10272
2026-09-24,196557581,816
2026-09-24,196557823,240
2026-09-24,196560014,162
2026-09-24,196628574,1380
2026-09-24,196634675,120
2026-09-24,196670694,780
2026-09-24,196679322,720
2026-09-24,196681594,180
2026-09-24,196696319,300
2026-09-24,196726844,60
2026-09-24,196783010,1260
2026-09-24,196789645,60
2026-09-24,196815992,120
2026-09-24,196815993,60
2026-09-24,196825790,420
2026-09-24,196826852,420
2026-09-24,196903957,60
2026-09-25,112343709,1500
2026-09-25,112347078,1380
2026-09-25,116860343,11010
2026-09-25,125137664,1296
2026-09-25,125648104,168
2026-09-25,129043457,246
2026-09-25,129602186,2436
2026-09-25,129602748,1794
2026-09-25,132766309,492
2026-09-25,139563085,762
2026-09-25,139604589,378
2026-09-25,139734696,2370
2026-09-25,141311308,48
2026-09-25,141312058,198
2026-09-25,142558644,90
2026-09-25,142637189,246
2026-09-25,144043886,1212
2026-09-25,145099755,1350
2026-09-25,145338919,552
2026-09-25,145575183,72
2026-09-25,145656189,72
2026-09-25,145995000,12
2026-09-25,146262491,144
2026-09-25,146741944,48
2026-09-25,147127904,636
2026-09-25,147341992,576
2026-09-25,147572534,246
2026-09-25,147852321,306
2026-09-25,148079920,36
2026-09-25,148080194,2829
2026-09-25,148369512,336
2026-09-25,148386650,474
2026-09-25,149195623,1932
2026-09-25,149385474,120
2026-09-25,149414736,10164
2026-09-25,149607439,696
2026-09-25,150009333,2331
2026-09-25,150547033,336
2026-09-25,151359723,426
2026-09-25,151852205,522
2026-09-25,152079426,16866
2026-09-25,152110612,414
2026-09-25,152111138,1062
2026-09-25,152119137,3210
2026-09-25,152363144,714
2026-09-25,152449732,504
2026-09-25,152498115,306
2026-09-25,152647602,930
2026-09-25,152649327,1518
2026-09-25,152814420,2649
2026-09-25,153603522,2274
2026-09-25,153717914,96
2026-09-25,154238820,444
2026-09-25,154254878,4182
2026-09-25,157776421,1422
2026-09-25,158727530,2400
2026-09-25,159039383,882
2026-09-25,159169056,222
2026-09-25,160153205,348
2026-09-25,161924116,1242
2026-09-25,162178083,822
2026-09-25,162211876,708
2026-09-25,162322988,8604
2026-09-25,165239801,9342
2026-09-25,167144757,1506
2026-09-25,167464778,294
2026-09-25,167646172,156
2026-09-25,168274102,438
2026-09-25,168457235,444
2026-09-25,168648560,390
2026-09-25,168654454,3612
2026-09-25,168841427,444
2026-09-25,169350533,264
2026-09-25,169641363,660
2026-09-25,170430984,612
2026-09-25,170473491,1938
2026-09-25,171542281,7920
2026-09-25,171567191,1518
2026-09-25,171651782,378
2026-09-25,172551312,240
2026-09-25,174304314,882
2026-09-25,175122641,1128
2026-09-25,175133788,3786
2026-09-25,175226781,948
2026-09-25,175523653,1170
2026-09-25,175863613,1575
2026-09-25,176025748,1272
2026-09-25,176921133,222
2026-09-25,176955803,162
2026-09-25,176990624,1692
2026-09-25,177059661,480
2026-09-25,177077802,1710
2026-09-25,177114666,2076
2026-09-25,177127585,270
2026-09-25,177702125,444
2026-09-25,177808924,3414
2026-09-25,178374437,816
2026-09-25,178420804,24
2026-09-25,178728314,1506
2026-09-25,179716972,2064
2026-09-25,179740114,342
2026-09-25,180335619,2328
2026-09-25,180386716,1242
2026-09-25,180391041,180
2026-09-25,180484161,840
2026-09-25,180485366,2037
2026-09-25,180491274,408
2026-09-25,180511619,60
2026-09-25,180515096,864
2026-09-25,182116268,2379
2026-09-25,182134623,6174
2026-09-25,182758744,588
2026-09-25,182813489,978
2026-09-25,182941872,24
2026-09-25,183545796,8397
2026-09-25,183572891,1164
2026-09-25,183651449,1716
2026-09-25,183714326,870
2026-09-25,183753179,759
2026-09-25,183754093,870
2026-09-25,184283938,588
2026-09-25,184394552,120
2026-09-25,184402617,882
2026-09-25,185714339,3426
2026-09-25,185721925,900
2026-09-25,185862675,252
2026-09-25,186676951,720
2026-09-25,186711413,120
2026-09-25,187039263,2322
2026-09-25,187041402,24
2026-09-25,187050404,930
2026-09-25,187166773,330
2026-09-25,187313988,660
2026-09-25,187572169,780
2026-09-25,187645465,318
2026-09-25,187927629,5334
2026-09-25,188014931,414
2026-09-25,188189600,984
2026-09-25,188601300,1632
2026-09-25,189030113,258
2026-09-25,189037004,2361
2026-09-25,189205584,708
2026-09-25,189211422,15897
2026-09-25,189257260,1254
2026-09-25,189379748,336
2026-09-25,189404662,180
2026-09-25,189428579,138
2026-09-25,189438793,492
2026-09-25,189445450,1182
2026-09-25,189445841,36
2026-09-25,189477317,672
2026-09-25,189508675,426
2026-09-25,189521546,1302
2026-09-25,189522258,390
2026-09-25,189531001,8526
2026-09-25,189590860,564
2026-09-25,189610283,912
2026-09-25,189634812,7926
2026-09-25,189674360,3516
2026-09-25,189829859,294
2026-09-25,189850864,1074
2026-09-25,189857110,1794
2026-09-25,190211456,492
2026-09-25,190278099,1314
2026-09-25,190852162,1194
2026-09-25,190877794,294
2026-09-25,190981880,354
2026-09-25,190997764,744
2026-09-25,191005623,726
2026-09-25,191211795,2334
2026-09-25,191303626,234
2026-09-25,191479561,48
2026-09-25,191481932,3789
2026-09-25,191506324,2676
2026-09-25,191507359,2328
2026-09-25,191534262,120
2026-09-25,191700749,4497
2026-09-25,191852111,516
2026-09-25,191852992,612
2026-09-25,191890082,1302
2026-09-25,192021270,216
2026-09-25,192038123,216
2026-09-25,192047818,1566
2026-09-25,192123866,312
2026-09-25,192139754,906
2026-09-25,192148896,37569
2026-09-25,192164452,1362
2026-09-25,192285191,126
2026-09-25,192470678,1170
2026-09-25,192564687,2169
2026-09-25,192564690,1218
2026-09-25,192566622,720
2026-09-25,192666096,459
2026-09-25,192687431,12
2026-09-25,192877325,24009
2026-09-25,192974931,48
2026-09-25,193050689,978
2026-09-25,193058538,492
2026-09-25,193157707,894
2026-09-25,193184189,1140
2026-09-25,193465618,390
2026-09-25,193466964,516
2026-09-25,193583379,1599
2026-09-25,193588890,540
2026-09-25,193592364,480
2026-09-25,193808287,306
2026-09-25,193816812,390
2026-09-25,193847679,270
2026-09-25,193850555,660
2026-09-25,193852769,2352
2026-09-25,193852891,7167
2026-09-25,193853503,102
2026-09-25,193918984,162
2026-09-25,193988162,204
2026-09-25,194188912,4239
2026-09-25,194189421,3444
2026-09-25,194190603,306
2026-09-25,194254800,1935
2026-09-25,194315477,2142
2026-09-25,194350050,3201
2026-09-25,194368478,588
2026-09-25,194490137,66
2026-09-25,194490698,684
2026-09-25,194491867,3357
2026-09-25,194502134,168
2026-09-25,194502817,1902
2026-09-25,194513646,7446
2026-09-25,194523745,366
2026-09-25,194591330,516
2026-09-25,194601369,840
2026-09-25,194606659,1038
2026-09-25,194643187,1125
2026-09-25,194751433,438
2026-09-25,194820568,3609
2026-09-25,194890597,1467
2026-09-25,194907391,3309
2026-09-25,194907757,717
2026-09-25,194919963,1134
2026-09-25,195027158,1791
2026-09-25,195027162,5994
2026-09-25,195027680,846
2026-09-25,195030345,1296
2026-09-25,195042550,9123
2026-09-25,195075733,585
2026-09-25,195075984,882
2026-09-25,195093975,120
2026-09-25,195125344,666
2026-09-25,195137581,2682
2026-09-25,195141280,2964
2026-09-25,195212300,306
2026-09-25,195217540,252
2026-09-25,195220905,294
2026-09-25,195234494,168
2026-09-25,195235902,534
2026-09-25,195238254,1236
2026-09-25,195254242,903
2026-09-25,195257074,1464
2026-09-25,195265923,6687
2026-09-25,195277760,771
2026-09-25,195413173,648
2026-09-25,195413175,3342
2026-09-25,195413176,1863
2026-09-25,195414502,504
2026-09-25,195436652,2760
2026-09-25,195440647,1080
2026-09-25,195475095,930
2026-09-25,195475100,1200
2026-09-25,195475102,1344
2026-09-25,195479527,1374
2026-09-25,195593367,2850
2026-09-25,195612765,5727
2026-09-25,195614571,84
2026-09-25,195775257,1878
2026-09-25,195776621,1569
2026-09-25,195811384,1074
2026-09-25,195827616,1080
2026-09-25,195827803,1542
2026-09-25,195828801,1443
2026-09-25,195832463,3018
2026-09-25,195853109,948
2026-09-25,195856718,585
2026-09-25,195959641,6216
2026-09-25,196013239,1635
2026-09-25,196016066,330
2026-09-25,196019732,1056
2026-09-25,196020146,5136
2026-09-25,196106713,1074
2026-09-25,196106714,4608
2026-09-25,196113383,1422
2026-09-25,196118220,3648
2026-09-25,196123705,648
2026-09-25,196209093,1194
2026-09-25,196263351,3660
2026-09-25,196266161,666
2026-09-25,196285732,180
2026-09-25,196319354,468
2026-09-25,196345627,1602
2026-09-25,196353226,432
2026-09-25,196359755,1725
2026-09-25,196487132,42
2026-09-25,196504323,102
2026-09-25,196512169,1086
2026-09-25,196521682,1962
2026-09-25,196551222,9489
2026-09-25,196557581,840
2026-09-25,196557823,240
2026-09-25,196560014,84
2026-09-25,196628574,1326
2026-09-25,196634675,102
2026-09-25,196670694,636
2026-09-25,196679322,780
2026-09-25,196681594,180
2026-09-25,196696319,300
2026-09-25,196726844,120
2026-09-25,196783010,1320
2026-09-25,196789645,60
2026-09-25,196815992,180
2026-09-25,196815993,60
2026-09-25,196825790,420
2026-09-25,196826852,420
2026-09-25,196903954,60
2026-09-25,196903957,60
2026-09-26,112343709,1458
2026-09-26,112347078,1380
2026-09-26,116860343,10989
2026-09-26,125137664,1272
2026-09-26,125648104,168
2026-09-26,129043457,246
2026-09-26,129602186,2424
2026-09-26,129602748,1782
2026-09-26,132766309,492
2026-09-26,139563085,762
2026-09-26,139604589,378
2026-09-26,139734696,2370
2026-09-26,141311308,48
2026-09-26,141312058,186
2026-09-26,142558644,90
2026-09-26,142637189,246
2026-09-26,144043886,1212
2026-09-26,145099755,1350
2026-09-26,145338919,552
2026-09-26,145575183,72
2026-09-26,145656189,72
2026-09-26,145995000,12
2026-09-26,146262491,144
2026-09-26,146741944,48
2026-09-26,147127904,612
2026-09-26,147341992,576
2026-09-26,147572534,216
2026-09-26,147852321,306
2026-09-26,148079920,36
2026-09-26,148080194,2829
2026-09-26,148369512,336
2026-09-26,148386650,474
2026-09-26,149195623,1992
2026-09-26,149385474,120
2026-09-26,149414736,10014
2026-09-26,149607439,696
2026-09-26,150009333,2277
2026-09-26,150547033,336
2026-09-26,151359723,426
2026-09-26,151852205,522
2026-09-26,152079426,16740
2026-09-26,152110612,414
2026-09-26,152111138,1062
2026-09-26,152119137,3198
2026-09-26,152363144,714
2026-09-26,152449732,474
2026-09-26,152498115,294
2026-09-26,152647602,918
2026-09-26,152649327,1428
2026-09-26,152814420,2637
2026-09-26,153603522,2208
2026-09-26,153717914,96
2026-09-26,154238820,414
2026-09-26,154254878,4086
2026-09-26,157776421,1392
2026-09-26,158727530,2400
2026-09-26,159039383,882
2026-09-26,159169056,192
2026-09-26,160153205,348
2026-09-26,161924116,1242
2026-09-26,162178083,822
2026-09-26,162211876,678
2026-09-26,162322988,8574
2026-09-26,165239801,9342
2026-09-26,167144757,1476
2026-09-26,167464778,294
2026-09-26,167646172,156
2026-09-26,168274102,408
2026-09-26,168457235,444
2026-09-26,168648560,390
2026-09-26,168654454,3612
2026-09-26,168841427,444
2026-09-26,169350533,246
2026-09-26,169641363,660
2026-09-26,170430984,594
2026-09-26,170473491,1938
2026-09-26,171542281,7902
2026-09-26,171567191,1518
2026-09-26,171651782,378
2026-09-26,172551312,240
2026-09-26,174304314,852
2026-09-26,175122641,1098
2026-09-26,175133788,3588
2026-09-26,175226781,918
2026-09-26,175523653,1170
2026-09-26,175863613,1575
2026-09-26,176025748,1212
2026-09-26,176921133,222
2026-09-26,176955803,162
2026-09-26,176990624,1692
2026-09-26,177059661,480
2026-09-26,177077802,1710
2026-09-26,177114666,2076
2026-09-26,177127585,270
2026-09-26,177702125,444
2026-09-26,177808924,3378
2026-09-26,178374437,816
2026-09-26,178420804,24
2026-09-26,178728314,1446
2026-09-26,179716972,2064
2026-09-26,179740114,312
2026-09-26,180335619,2388
2026-09-26,180386716,1242
2026-09-26,180391041,180
2026-09-26,180484161,840
2026-09-26,180485366,2037
2026-09-26,180491274,408
2026-09-26,180511619,60
2026-09-26,180515096,864
2026-09-26,182116268,2379
2026-09-26,182134623,6156
2026-09-26,182758744,588
2026-09-26,182813489,978
2026-09-26,182941872,24
2026-09-26,183545796,8367
2026-09-26,183572891,1164
2026-09-26,183651449,1716
2026-09-26,183714326,870
2026-09-26,183753179,759
2026-09-26,183754093,870
2026-09-26,184283938,588
2026-09-26,184394552,120
2026-09-26,184402617,882
2026-09-26,185714339,3408
2026-09-26,185721925,900
2026-09-26,185862675,252
2026-09-26,186676951,720
2026-09-26,186711413,120
2026-09-26,187039263,2256
2026-09-26,187041402,24
2026-09-26,187050404,930
2026-09-26,187166773,330
2026-09-26,187313988,660
2026-09-26,187572169,762
2026-09-26,187645465,318
2026-09-26,187927629,5316
2026-09-26,188014931,414
2026-09-26,188189600,984
2026-09-26,188601300,1632
2026-09-26,189030113,228
2026-09-26,189037004,2361
2026-09-26,189205584,708
2026-09-26,189211422,15711
2026-09-26,189257260,1236
2026-09-26,189379748,336
2026-09-26,189404662,180
2026-09-26,189428579,138
2026-09-26,189438793,492
2026-09-26,189445450,1182
2026-09-26,189445841,36
2026-09-26,189477317,672
2026-09-26,189508675,426
2026-09-26,189521546,1272
2026-09-26,189522258,390
2026-09-26,189531001,8355
2026-09-26,189590860,504
2026-09-26,189610283,912
2026-09-26,189634812,7908
2026-09-26,189674360,3516
2026-09-26,189829859,294
2026-09-26,189850864,1074
2026-09-26,189857110,1734
2026-09-26,190211456,492
2026-09-26,190278099,1344
2026-09-26,190852162,1194
2026-09-26,190877794,294
2026-09-26,190981880,354
2026-09-26,190997764,744
2026-09-26,191005623,726
2026-09-26,191211795,2334
2026-09-26,191303626,204
2026-09-26,191479561,48
2026-09-26,191481932,3759
2026-09-26,191506324,2640
2026-09-26,191507359,2292
2026-09-26,191534262,120
2026-09-26,191700749,4512
2026-09-26,191852111,456
2026-09-26,191852992,672
2026-09-26,191890082,1242
2026-09-26,192021270,216
2026-09-26,192038123,216
2026-09-26,192047818,1518
2026-09-26,192123866,312
2026-09-26,192139754,906
2026-09-26,192148896,37146
2026-09-26,192164452,1362
2026-09-26,192285191,126
2026-09-26,192470678,1152
2026-09-26,192564687,2169
2026-09-26,192564690,1152
2026-09-26,192566622,684
2026-09-26,192666096,429
2026-09-26,192687431,12
2026-09-26,192877325,23172
2026-09-26,192974931,48
2026-09-26,193050689,978
2026-09-26,193058538,492
2026-09-26,193157707,858
2026-09-26,193184189,1080
2026-09-26,193465618,390
2026-09-26,193466964,576
2026-09-26,193583379,1554
2026-09-26,193588890,540
2026-09-26,193592364,480
2026-09-26,193808287,288
2026-09-26,193816812,390
2026-09-26,193847679,270
2026-09-26,193850555,702
2026-09-26,193852769,2304
2026-09-26,193852891,6981
2026-09-26,193853503,102
2026-09-26,193918984,162
2026-09-26,193988162,204
2026-09-26,194188912,4209
2026-09-26,194189421,3378
2026-09-26,194190603,306
2026-09-26,194254800,1935
2026-09-26,194315477,1902
2026-09-26,194350050,3123
2026-09-26,194368478,588
2026-09-26,194490137,66
2026-09-26,194490698,654
2026-09-26,194491867,3231
2026-09-26,194502134,228
2026-09-26,194502817,1884
2026-09-26,194513646,7230
2026-09-26,194523745,366
2026-09-26,194591330,486
2026-09-26,194601369,813
2026-09-26,194606659,1038
2026-09-26,194643187,1125
2026-09-26,194751433,438
2026-09-26,194820568,3534
2026-09-26,194890597,1509
2026-09-26,194907391,3213
2026-09-26,194907757,717
2026-09-26,194919963,1134
2026-09-26,195027158,1821
2026-09-26,195027162,5766
2026-09-26,195027680,798
2026-09-26,195030345,1278
2026-09-26,195042550,9081
2026-09-26,195075733,585
2026-09-26,195075984,864
2026-09-26,195093975,120
2026-09-26,195125344,666
2026-09-26,195137581,2484
2026-09-26,195141280,2916
2026-09-26,195212300,306
2026-09-26,195217540,252
2026-09-26,195220905,294
2026-09-26,195234494,168
2026-09-26,195235902,516
2026-09-26,195238254,1182
2026-09-26,195254242,903
2026-09-26,195257074,1344
2026-09-26,195265923,6126
2026-09-26,195277760,741
2026-09-26,195413173,618
2026-09-26,195413175,3396
2026-09-26,195413176,1863
2026-09-26,195414502,474
2026-09-26,195436652,2802
2026-09-26,195440647,1080
2026-09-26,195475095,912
2026-09-26,195475100,1182
2026-09-26,195475102,1326
2026-09-26,195479527,1356
2026-09-26,195593367,2778
2026-09-26,195612765,5619
2026-09-26,195614571,84
2026-09-26,195775257,1824
2026-09-26,195776621,1611
2026-09-26,195811384,1194
2026-09-26,195827616,1062
2026-09-26,195827803,1524
2026-09-26,195828801,1389
2026-09-26,195832463,2946
2026-09-26,195853109,948
2026-09-26,195856718,567
2026-09-26,195959641,6180
2026-09-26,196013239,1635
2026-09-26,196016066,330
2026-09-26,196019732,1020
2026-09-26,196020146,5046
2026-09-26,196106713,1002
2026-09-26,196106714,4662
2026-09-26,196113383,1350
2026-09-26,196118220,3603
2026-09-26,196123705,612
2026-09-26,196209093,1158
2026-09-26,196263351,3618
2026-09-26,196266161,648
2026-09-26,196285732,162
2026-09-26,196319354,432
2026-09-26,196345627,1668
2026-09-26,196353226,492
2026-09-26,196359755,1641
2026-09-26,196487132,42
2026-09-26,196504323,102
2026-09-26,196512169,1050
2026-09-26,196521682,1968
2026-09-26,196551222,7833
2026-09-26,196557581,822
2026-09-26,196557823,222
2026-09-26,196560014,84
2026-09-26,196628574,1290
2026-09-26,196634675,102
2026-09-26,196670694,696
2026-09-26,196679322,708
2026-09-26,196681594,180
2026-09-26,196696319,282
2026-09-26,196726844,120
2026-09-26,196783010,1320
2026-09-26,196789645,60
2026-09-26,196815992,180
2026-09-26,196815993,60
2026-09-26,196825790,420
2026-09-26,196826852,420
2026-09-26,196898651,60
2026-09-26,196903954,120
2026-09-26,196903957,120
2026-09-27,112343709,1446
2026-09-27,112347078,1368
2026-09-27,116860343,10842
2026-09-27,125137664,1272
2026-09-27,125648104,168
2026-09-27,129043457,246
2026-09-27,129602186,2424
2026-09-27,129602748,1782
2026-09-27,132766309,492
2026-09-27,139563085,762
2026-09-27,139604589,378
2026-09-27,139734696,2352
2026-09-27,141311308,48
2026-09-27,141312058,186
2026-09-27,142558644,90
2026-09-27,142637189,246
2026-09-27,144043886,1212
2026-09-27,145099755,1350
2026-09-27,145338919,552
2026-09-27,145575183,72
2026-09-27,145656189,72
2026-09-27,145995000,12
2026-09-27,146262491,144
2026-09-27,146741944,48
2026-09-27,147127904,600
2026-09-27,147341992,558
2026-09-27,147572534,216
2026-09-27,147852321,306
2026-09-27,148079920,36
2026-09-27,148080194,2817
2026-09-27,148369512,324
2026-09-27,148386650,474
2026-09-27,149195623,1974
2026-09-27,149385474,120
2026-09-27,149414736,9846
2026-09-27,149607439,696
2026-09-27,150009333,2265
2026-09-27,150547033,336
2026-09-27,151359723,426
2026-09-27,151852205,522
2026-09-27,152079426,16608
2026-09-27,152110612,414
2026-09-27,152111138,1062
2026-09-27,152119137,3174
2026-09-27,152363144,714
2026-09-27,152449732,474
2026-09-27,152498115,294
2026-09-27,152647602,918
2026-09-27,152649327,1404
2026-09-27,152814420,2637
2026-09-27,153603522,2136
2026-09-27,153717914,96
2026-09-27,154238820,414
2026-09-27,154254878,4038
2026-09-27,157776421,1392
2026-09-27,158727530,2400
2026-09-27,159039383,882
2026-09-27,159169056,192
2026-09-27,160153205,348
2026-09-27,161924116,1242
2026-09-27,162178083,822
2026-09-27,162211876,678
2026-09-27,162322988,8544
2026-09-27,165239801,9402
2026-09-27,167144757,1458
2026-09-27,167464778,294
2026-09-27,167646172,156
2026-09-27,168274102,408
2026-09-27,168457235,444
2026-09-27,168648560,480
2026-09-27,168654454,3129
2026-09-27,168841427,444
2026-09-27,169350533,246
2026-09-27,169641363,660
2026-09-27,170430984,594
2026-09-27,170473491,1938
2026-09-27,171542281,7884
2026-09-27,171567191,1518
2026-09-27,171651782,378
2026-09-27,172551312,240
2026-09-27,174304314,852
2026-09-27,175122641,1068
2026-09-27,175133788,3558
2026-09-27,175226781,888
2026-09-27,175523653,1170
2026-09-27,175863613,1575
2026-09-27,176025748,1212
2026-09-27,176921133,222
2026-09-27,176955803,162
2026-09-27,176990624,1752
2026-09-27,177059661,480
2026-09-27,177077802,1692
2026-09-27,177114666,2076
2026-09-27,177127585,270
2026-09-27,177702125,444
2026-09-27,177808924,3378
2026-09-27,178374437,816
2026-09-27,178420804,24
2026-09-27,178728314,1446
2026-09-27,179716972,2034
2026-09-27,179740114,312
2026-09-27,180335619,2388
2026-09-27,180386716,1242
2026-09-27,180391041,180
2026-09-27,180484161,840
2026-09-27,180485366,2037
2026-09-27,180491274,390
2026-09-27,180511619,60
2026-09-27,180515096,846
2026-09-27,182116268,2379
2026-09-27,182134623,6138
2026-09-27,182758744,588
2026-09-27,182813489,978
2026-09-27,182941872,24
2026-09-27,183545796,8397
2026-09-27,183572891,1164
2026-09-27,183651449,1686
2026-09-27,183714326,870
2026-09-27,183753179,759
2026-09-27,183754093,870
2026-09-27,184283938,648
2026-09-27,184394552,120
2026-09-27,184402617,882
2026-09-27,185714339,3372
2026-09-27,185721925,900
2026-09-27,185862675,252
2026-09-27,186676951,720
2026-09-27,186711413,120
2026-09-27,187039263,2256
2026-09-27,187041402,24
2026-09-27,187050404,930
2026-09-27,187166773,330
2026-09-27,187313988,660
2026-09-27,187572169,762
2026-09-27,187645465,288
2026-09-27,187927629,5286
2026-09-27,188014931,384
2026-09-27,188189600,966
2026-09-27,188601300,1632
2026-09-27,189030113,228
2026-09-27,189037004,2421
2026-09-27,189205584,708
2026-09-27,189211422,15663
2026-09-27,189257260,1248
2026-09-27,189379748,336
2026-09-27,189404662,180
2026-09-27,189428579,138
2026-09-27,189438793,492
2026-09-27,189445450,1152
2026-09-27,189445841,36
2026-09-27,189477317,672
2026-09-27,189508675,426
2026-09-27,189521546,1272
2026-09-27,189522258,360
2026-09-27,189531001,8199
2026-09-27,189590860,474
2026-09-27,189610283,912
2026-09-27,189634812,7938
2026-09-27,189674360,3576
2026-09-27,189829859,294
2026-09-27,189850864,1074
2026-09-27,189857110,1704
2026-09-27,190211456,474
2026-09-27,190278099,1326
2026-09-27,190852162,1254
2026-09-27,190877794,294
2026-09-27,190981880,324
2026-09-27,190997764,744
2026-09-27,191005623,768
2026-09-27,191211795,2334
2026-09-27,191303626,204
2026-09-27,191479561,48
2026-09-27,191481932,3741
2026-09-27,191506324,2592
2026-09-27,191507359,2262
2026-09-27,191534262,120
2026-09-27,191700749,4482
2026-09-27,191852111,516
2026-09-27,191852992,654
2026-09-27,191890082,1242
2026-09-27,192021270,216
2026-09-27,192038123,216
2026-09-27,192047818,1500
2026-09-27,192123866,294
2026-09-27,192139754,906
2026-09-27,192148896,37038
2026-09-27,192164452,1332
2026-09-27,192285191,126
2026-09-27,192470678,1122
2026-09-27,192564687,2079
2026-09-27,192564690,1152
2026-09-27,192566622,714
2026-09-27,192666096,384
2026-09-27,192687431,12
2026-09-27,192877325,22920
2026-09-27,192974931,48
2026-09-27,193050689,960
2026-09-27,193058538,492
2026-09-27,193157707,900
2026-09-27,193184189,1080
2026-09-27,193465618,390
2026-09-27,193466964,546
2026-09-27,193583379,1506
2026-09-27,193588890,510
2026-09-27,193592364,480
2026-09-27,193808287,270
2026-09-27,193816812,390
2026-09-27,193847679,270
2026-09-27,193850555,702
2026-09-27,193852769,2316
2026-09-27,193852891,6492
2026-09-27,193853503,102
2026-09-27,193918984,162
2026-09-27,193988162,204
2026-09-27,194188912,4134
2026-09-27,194189421,3348
2026-09-27,194190603,366
2026-09-27,194254800,1995
2026-09-27,194315477,1782
2026-09-27,194350050,3135
2026-09-27,194368478,588
2026-09-27,194490137,66
2026-09-27,194490698,624
2026-09-27,194491867,3099
2026-09-27,194502134,210
2026-09-27,194502817,1884
2026-09-27,194513646,7140
2026-09-27,194523745,336
2026-09-27,194591330,468
2026-09-27,194601369,813
2026-09-27,194606659,1098
2026-09-27,194643187,1077
2026-09-27,194751433,408
2026-09-27,194820568,3504
2026-09-27,194890597,1491
2026-09-27,194907391,3219
2026-09-27,194907757,687
2026-09-27,194919963,1134
2026-09-27,195027158,1803
2026-09-27,195027162,5802
2026-09-27,195027680,780
2026-09-27,195030345,1248
2026-09-27,195042550,9279
2026-09-27,195075733,540
2026-09-27,195075984,864
2026-09-27,195093975,120
2026-09-27,195125344,618
2026-09-27,195137581,2436
2026-09-27,195141280,2952
2026-09-27,195212300,396
2026-09-27,195217540,234
2026-09-27,195220905,294
2026-09-27,195234494,138
2026-09-27,195235902,576
2026-09-27,195238254,1122
2026-09-27,195254242,885
2026-09-27,195257074,1284
2026-09-27,195265923,6126
2026-09-27,195277760,741
2026-09-27,195413173,558
2026-09-27,195413175,3282
2026-09-27,195413176,1833
2026-09-27,195414502,444
2026-09-27,195436652,2748
2026-09-27,195440647,1014
2026-09-27,195475095,714
2026-09-27,195475100,984
2026-09-27,195475102,1128
2026-09-27,195479527,1356
2026-09-27,195593367,2778
2026-09-27,195612765,5601
2026-09-27,195614571,84
2026-09-27,195775257,1926
2026-09-27,195776621,1671
2026-09-27,195811384,1176
2026-09-27,195827616,1122
2026-09-27,195827803,1608
2026-09-27,195828801,1389
2026-09-27,195832463,2970
2026-09-27,195853109,912
2026-09-27,195856718,567
2026-09-27,195959641,6072
2026-09-27,196013239,1635
2026-09-27,196016066,330
2026-09-27,196019732,1080
2026-09-27,196020146,5070
2026-09-27,196106713,948
2026-09-27,196106714,4644
2026-09-27,196113383,1350
2026-09-27,196118220,3549
2026-09-27,196123705,714
2026-09-27,196209093,1140
2026-09-27,196263351,3804
2026-09-27,196266161,630
2026-09-27,196285732,162
2026-09-27,196319354,414
2026-09-27,196345627,1668
2026-09-27,196353226,474
2026-09-27,196359755,1761
2026-09-27,196487132,42
2026-09-27,196504323,144
2026-09-27,196512169,1134
2026-09-27,196521682,2016
2026-09-27,196551222,7875
2026-09-27,196557581,882
2026-09-27,196557823,222
2026-09-27,196560014,144
2026-09-27,196628574,1332
2026-09-27,196634675,102
2026-09-27,196670694,660
2026-09-27,196679322,810
2026-09-27,196681594,162
2026-09-27,196696319,282
2026-09-27,196726844,120
2026-09-27,196783010,1320
2026-09-27,196789645,120
2026-09-27,196815992,300
2026-09-27,196815993,60
2026-09-27,196825790,480
2026-09-27,196826852,480
2026-09-27,196898651,180
2026-09-27,196903954,240
2026-09-27,196903957,180
2026-09-28,112343709,1506
2026-09-28,112347078,1428
2026-09-28,116860343,10812
2026-09-28,125137664,1272
2026-09-28,125648104,168
2026-09-28,129043457,246
2026-09-28,129602186,2394
2026-09-28,129602748,1752
2026-09-28,132766309,462
2026-09-28,139563085,762
2026-09-28,139604589,378
2026-09-28,139734696,2352
2026-09-28,141311308,48
2026-09-28,141312058,186
2026-09-28,142558644,90
2026-09-28,142637189,216
2026-09-28,144043886,1212
2026-09-28,145099755,1338
2026-09-28,145338919,552
2026-09-28,145575183,72
2026-09-28,145656189,72
2026-09-28,145995000,12
2026-09-28,146262491,144
2026-09-28,146741944,48
2026-09-28,147127904,600
2026-09-28,147341992,558
2026-09-28,147572534,216
2026-09-28,147852321,306
2026-09-28,148079920,36
2026-09-28,148080194,2787
2026-09-28,148369512,324
2026-09-28,148386650,474
2026-09-28,149195623,1956
2026-09-28,149385474,120
2026-09-28,149414736,9750
2026-09-28,149607439,696
2026-09-28,150009333,2265
2026-09-28,150547033,324
2026-09-28,151359723,414
2026-09-28,151852205,522
2026-09-28,152079426,16512
2026-09-28,152110612,414
2026-09-28,152111138,1062
2026-09-28,152119137,3174
2026-09-28,152363144,714
2026-09-28,152449732,474
2026-09-28,152498115,294
2026-09-28,152647602,918
2026-09-28,152649327,1392
2026-09-28,152814420,2637
2026-09-28,153603522,2100
2026-09-28,153717914,96
2026-09-28,154238820,414
2026-09-28,154254878,3978
2026-09-28,157776421,1392
2026-09-28,158727530,2400
2026-09-28,159039383,882
2026-09-28,159169056,192
2026-09-28,160153205,348
2026-09-28,161924116,1242
2026-09-28,162178083,822
2026-09-28,162211876,678
2026-09-28,162322988,8604
2026-09-28,165239801,9402
2026-09-28,167144757,1458
2026-09-28,167464778,294
2026-09-28,167646172,156
2026-09-28,168274102,408
2026-09-28,168457235,444
2026-09-28,168648560,480
2026-09-28,168654454,3129
2026-09-28,168841427,444
2026-09-28,169350533,246
2026-09-28,169641363,660
2026-09-28,170430984,594
2026-09-28,170473491,1980
2026-09-28,171542281,7944
2026-09-28,171567191,1518
2026-09-28,171651782,378
2026-09-28,172551312,240
2026-09-28,174304314,852
2026-09-28,175122641,1068
2026-09-28,175133788,3558
2026-09-28,175226781,888
2026-09-28,175523653,1170
2026-09-28,175863613,1575
2026-09-28,176025748,1212
2026-09-28,176921133,222
2026-09-28,176955803,162
2026-09-28,176990624,1752
2026-09-28,177059661,480
2026-09-28,177077802,1632
2026-09-28,177114666,2046
2026-09-28,177127585,270
2026-09-28,177702125,444
2026-09-28,177808924,3378
2026-09-28,178374437,816
2026-09-28,178420804,24
2026-09-28,178728314,1446
2026-09-28,179716972,2034
2026-09-28,179740114,312
2026-09-28,180335619,2388
2026-09-28,180386716,1224
2026-09-28,180391041,180
2026-09-28,180484161,840
2026-09-28,180485366,2037
2026-09-28,180491274,390
2026-09-28,180511619,60
2026-09-28,180515096,846
2026-09-28,182116268,2106
2026-09-28,182134623,6198
2026-09-28,182758744,588
2026-09-28,182813489,948
2026-09-28,182941872,24
2026-09-28,183545796,8337
2026-09-28,183572891,1164
2026-09-28,183651449,1716
2026-09-28,183714326,870
2026-09-28,183753179,729
2026-09-28,183754093,870
2026-09-28,184283938,648
2026-09-28,184394552,120
2026-09-28,184402617,882
2026-09-28,185714339,3414
2026-09-28,185721925,900
2026-09-28,185862675,252
2026-09-28,186676951,720
2026-09-28,186711413,120
2026-09-28,187039263,2178
2026-09-28,187041402,24
2026-09-28,187050404,930
2026-09-28,187166773,330
2026-09-28,187313988,660
2026-09-28,187572169,762
2026-09-28,187645465,288
2026-09-28,187927629,5238
2026-09-28,188014931,384
2026-09-28,188189600,966
2026-09-28,188601300,1632
2026-09-28,189030113,228
2026-09-28,189037004,2391
2026-09-28,189205584,708
2026-09-28,189211422,15693
2026-09-28,189257260,1308
2026-09-28,189379748,336
2026-09-28,189404662,180
2026-09-28,189428579,138
2026-09-28,189438793,492
2026-09-28,189445450,1092
2026-09-28,189445841,36
2026-09-28,189477317,672
2026-09-28,189508675,426
2026-09-28,189521546,1272
2026-09-28,189522258,360
2026-09-28,189531001,8331
2026-09-28,189590860,474
2026-09-28,189610283,912
2026-09-28,189634812,7848
2026-09-28,189674360,3558
2026-09-28,189829859,294
2026-09-28,189850864,1074
2026-09-28,189857110,1686
2026-09-28,190211456,474
2026-09-28,190278099,1326
2026-09-28,190852162,1254
2026-09-28,190877794,294
2026-09-28,190981880,294
2026-09-28,190997764,744
2026-09-28,191005623,738
2026-09-28,191211795,2334
2026-09-28,191303626,204
2026-09-28,191479561,48
2026-09-28,191481932,3741
2026-09-28,191506324,2514
2026-09-28,191507359,2202
2026-09-28,191534262,120
2026-09-28,191700749,4392
2026-09-28,191852111,516
2026-09-28,191852992,624
2026-09-28,191890082,1212
2026-09-28,192021270,216
2026-09-28,192038123,216
2026-09-28,192047818,1530
2026-09-28,192123866,294
2026-09-28,192139754,876
2026-09-28,192148896,36498
2026-09-28,192164452,1302
2026-09-28,192285191,126
2026-09-28,192470678,1122
2026-09-28,192564687,2019
2026-09-28,192564690,1152
2026-09-28,192566622,714
2026-09-28,192666096,384
2026-09-28,192687431,12
2026-09-28,192877325,22860
2026-09-28,192974931,48
2026-09-28,193050689,960
2026-09-28,193058538,492
2026-09-28,193157707,900
2026-09-28,193184189,1050
2026-09-28,193465618,390
2026-09-28,193466964,546
2026-09-28,193583379,1506
2026-09-28,193588890,510
2026-09-28,193592364,480
2026-09-28,193808287,270
2026-09-28,193816812,390
2026-09-28,193847679,270
2026-09-28,193850555,702
2026-09-28,193852769,2508
2026-09-28,193852891,6240
2026-09-28,193853503,102
2026-09-28,193918984,162
2026-09-28,193988162,174
2026-09-28,194188912,4134
2026-09-28,194189421,3270
2026-09-28,194190603,366
2026-09-28,194254800,2025
2026-09-28,194315477,1752
2026-09-28,194350050,3069
2026-09-28,194368478,558
2026-09-28,194490137,66
2026-09-28,194490698,666
2026-09-28,194491867,3189
2026-09-28,194502134,210
2026-09-28,194502817,2124
2026-09-28,194513646,7062
2026-09-28,194523745,336
2026-09-28,194591330,468
2026-09-28,194601369,753
2026-09-28,194606659,1080
2026-09-28,194643187,1017
2026-09-28,194751433,378
2026-09-28,194820568,3114
2026-09-28,194890597,1461
2026-09-28,194907391,3231
2026-09-28,194907757,747
2026-09-28,194919963,1170
2026-09-28,195027158,1743
2026-09-28,195027162,5844
2026-09-28,195027680,732
2026-09-28,195030345,1200
2026-09-28,195042550,9429
2026-09-28,195075733,510
2026-09-28,195075984,834
2026-09-28,195093975,120
2026-09-28,195125344,618
2026-09-28,195137581,2430
2026-09-28,195141280,2856
2026-09-28,195212300,306
2026-09-28,195217540,204
2026-09-28,195220905,294
2026-09-28,195234494,108
2026-09-28,195235902,558
2026-09-28,195238254,1182
2026-09-28,195254242,777
2026-09-28,195257074,1164
2026-09-28,195265923,5577
2026-09-28,195277760,711
2026-09-28,195413173,558
2026-09-28,195413175,3246
2026-09-28,195413176,1665
2026-09-28,195414502,444
2026-09-28,195436652,2754
2026-09-28,195440647,1014
2026-09-28,195475095,774
2026-09-28,195475100,1044
2026-09-28,195475102,1188
2026-09-28,195479527,1398
2026-09-28,195593367,2778
2026-09-28,195612765,5661
2026-09-28,195614571,84
2026-09-28,195775257,1932
2026-09-28,195776621,1653
2026-09-28,195811384,1236
2026-09-28,195827616,1104
2026-09-28,195827803,1632
2026-09-28,195828801,1335
2026-09-28,195832463,3132
2026-09-28,195853109,912
2026-09-28,195856718,567
2026-09-28,195959641,5928
2026-09-28,196013239,1635
2026-09-28,196016066,330
2026-09-28,196019732,1140
2026-09-28,196020146,5070
2026-09-28,196106713,990
2026-09-28,196106714,4644
2026-09-28,196113383,1392
2026-09-28,196118220,3459
2026-09-28,196123705,774
2026-09-28,196209093,1164
2026-09-28,196263351,4368
2026-09-28,196266161,558
2026-09-28,196285732,162
2026-09-28,196319354,474
2026-09-28,196345627,1650
2026-09-28,196353226,456
2026-09-28,196359755,1746
2026-09-28,196487132,42
2026-09-28,196504323,144
2026-09-28,196512169,1338
2026-09-28,196521682,2346
2026-09-28,196551222,7995
2026-09-28,196557581,864
2026-09-28,196557823,222
2026-09-28,196560014,144
2026-09-28,196628574,1320
2026-09-28,196634675,102
2026-09-28,196670694,660
2026-09-28,196679322,1014
2026-09-28,196681594,162
2026-09-28,196696319,264
2026-09-28,196726844,120
2026-09-28,196783010,1320
2026-09-28,196789645,120
2026-09-28,196791320,60
2026-09-28,196791321,60
2026-09-28,196815992,420
2026-09-28,196815993,60
2026-09-28,196825790,480
2026-09-28,196826852,600
2026-09-28,196898651,360
2026-09-28,196903954,300
2026-09-28,196903957,180
2026-09-29,112343709,1476
2026-09-29,112347078,1428
2026-09-29,116860343,10827
2026-09-29,125137664,1260
2026-09-29,125648104,168
2026-09-29,129043457,246
2026-09-29,129602186,2454
2026-09-29,129602748,1752
2026-09-29,132766309,522
2026-09-29,139563085,762
2026-09-29,139604589,336
2026-09-29,139734696,2352
2026-09-29,141311308,48
2026-09-29,141312058,186
2026-09-29,142558644,90
2026-09-29,142637189,216
2026-09-29,144043886,1212
2026-09-29,145099755,1338
2026-09-29,145338919,594
2026-09-29,145575183,72
2026-09-29,145656189,72
2026-09-29,145995000,12
2026-09-29,146262491,144
2026-09-29,146741944,48
2026-09-29,147127904,564
2026-09-29,147341992,546
2026-09-29,147572534,216
2026-09-29,147852321,306
2026-09-29,148079920,36
2026-09-29,148080194,2787
2026-09-29,148369512,300
2026-09-29,148386650,474
2026-09-29,149195623,1956
2026-09-29,149385474,120
2026-09-29,149414736,9720
2026-09-29,149607439,696
2026-09-29,150009333,2211
2026-09-29,150547033,324
2026-09-29,151359723,414
2026-09-29,151852205,510
2026-09-29,152079426,16341
2026-09-29,152110612,354
2026-09-29,152111138,996
2026-09-29,152119137,3162
2026-09-29,152363144,714
2026-09-29,152449732,474
2026-09-29,152498115,294
2026-09-29,152647602,906
2026-09-29,152649327,1380
2026-09-29,152814420,2637
2026-09-29,153603522,2100
2026-09-29,153717914,96
2026-09-29,154238820,402
2026-09-29,154254878,3930
2026-09-29,157776421,1392
2026-09-29,158727530,2400
2026-09-29,159039383,882
2026-09-29,159169056,192
2026-09-29,160153205,348
2026-09-29,161924116,1242
2026-09-29,162178083,822
2026-09-29,162211876,678
2026-09-29,162322988,8604
2026-09-29,165239801,9372
2026-09-29,167144757,1440
2026-09-29,167464778,294
2026-09-29,167646172,156
2026-09-29,168274102,408
2026-09-29,168457235,408
2026-09-29,168648560,480
2026-09-29,168654454,3039
2026-09-29,168841427,444
2026-09-29,169350533,246
2026-09-29,169641363,660
2026-09-29,170430984,576
2026-09-29,170473491,1962
2026-09-29,171542281,7908
2026-09-29,171567191,1518
2026-09-29,171651782,378
2026-09-29,172551312,240
2026-09-29,174304314,912
2026-09-29,175122641,1068
2026-09-29,175133788,3528
2026-09-29,175226781,888
2026-09-29,175523653,1170
2026-09-29,175863613,1557
2026-09-29,176025748,1134
2026-09-29,176921133,222
2026-09-29,176955803,162
2026-09-29,176990624,1752
2026-09-29,177059661,480
2026-09-29,177077802,1602
2026-09-29,177114666,2046
2026-09-29,177127585,270
2026-09-29,177702125,444
2026-09-29,177808924,3378
2026-09-29,178374437,816
2026-09-29,178420804,24
2026-09-29,178728314,1446
2026-09-29,179716972,2016
2026-09-29,179740114,312
2026-09-29,180335619,2388
2026-09-29,180386716,1224
2026-09-29,180391041,180
2026-09-29,180484161,840
2026-09-29,180485366,2037
2026-09-29,180491274,390
2026-09-29,180511619,120
2026-09-29,180515096,846
2026-09-29,182116268,2088
2026-09-29,182134623,6240
2026-09-29,182758744,570
2026-09-29,182813489,948
2026-09-29,182941872,24
2026-09-29,183545796,8379
2026-09-29,183572891,1164
2026-09-29,183651449,1716
2026-09-29,183714326,870
2026-09-29,183753179,729
2026-09-29,183754093,870
2026-09-29,184283938,648
2026-09-29,184394552,120
2026-09-29,184402617,882
2026-09-29,185714339,3414
2026-09-29,185721925,870
2026-09-29,185862675,234
2026-09-29,186676951,720
2026-09-29,186711413,120
2026-09-29,187039263,2238
2026-09-29,187041402,24
2026-09-29,187050404,930
2026-09-29,187166773,330
2026-09-29,187313988,660
2026-09-29,187572169,732
2026-09-29,187645465,348
2026-09-29,187927629,5298
2026-09-29,188014931,384
2026-09-29,188189600,1008
2026-09-29,188601300,1602
2026-09-29,189030113,228
2026-09-29,189037004,2391
2026-09-29,189205584,708
2026-09-29,189211422,15663
2026-09-29,189257260,1338
2026-09-29,189379748,336
2026-09-29,189404662,150
2026-09-29,189428579,138
2026-09-29,189438793,462
2026-09-29,189445450,1152
2026-09-29,189445841,36
2026-09-29,189477317,642
2026-09-29,189508675,426
2026-09-29,189521546,1254
2026-09-29,189522258,360
2026-09-29,189531001,8295
2026-09-29,189590860,474
2026-09-29,189610283,912
2026-09-29,189634812,7938
2026-09-29,189674360,3510
2026-09-29,189829859,294
2026-09-29,189850864,1074
2026-09-29,189857110,1656
2026-09-29,190211456,444
2026-09-29,190278099,1308
2026-09-29,190852162,1254
2026-09-29,190877794,294
2026-09-29,190981880,276
2026-09-29,190997764,744
2026-09-29,191005623,738
2026-09-29,191211795,2334
2026-09-29,191303626,186
2026-09-29,191479561,48
2026-09-29,191481932,3897
2026-09-29,191506324,2544
2026-09-29,191507359,2322
2026-09-29,191534262,120
2026-09-29,191700749,4434
2026-09-29,191852111,516
2026-09-29,191852992,624
2026-09-29,191890082,1194
2026-09-29,192021270,216
2026-09-29,192038123,198
2026-09-29,192047818,1500
2026-09-29,192123866,294
2026-09-29,192139754,816
2026-09-29,192148896,37326
2026-09-29,192164452,1302
2026-09-29,192285191,126
2026-09-29,192470678,1122
2026-09-29,192564687,2019
2026-09-29,192564690,1272
2026-09-29,192566622,714
2026-09-29,192666096,384
2026-09-29,192687431,12
2026-09-29,192877325,23454
2026-09-29,192974931,48
2026-09-29,193050689,960
2026-09-29,193058538,492
2026-09-29,193157707,924
2026-09-29,193184189,1050
2026-09-29,193465618,360
2026-09-29,193466964,546
2026-09-29,193583379,1566
2026-09-29,193588890,570
2026-09-29,193592364,480
2026-09-29,193808287,270
2026-09-29,193816812,390
2026-09-29,193847679,270
2026-09-29,193850555,762
2026-09-29,193852769,2418
2026-09-29,193852891,6129
2026-09-29,193853503,102
2026-09-29,193918984,162
2026-09-29,193988162,174
2026-09-29,194188912,4104
2026-09-29,194189421,3294
2026-09-29,194190603,336
2026-09-29,194254800,1965
2026-09-29,194315477,1794
2026-09-29,194350050,3141
2026-09-29,194368478,558
2026-09-29,194490137,66
2026-09-29,194490698,906
2026-09-29,194491867,3123
2026-09-29,194502134,210
2026-09-29,194502817,2094
2026-09-29,194513646,7125
2026-09-29,194523745,396
2026-09-29,194591330,918
2026-09-29,194601369,687
2026-09-29,194606659,1080
2026-09-29,194643187,1059
2026-09-29,194751433,378
2026-09-29,194820568,3246
2026-09-29,194890597,1563
2026-09-29,194907391,3153
2026-09-29,194907757,807
2026-09-29,194919963,1212
2026-09-29,195027158,1755
2026-09-29,195027162,5982
2026-09-29,195027680,702
2026-09-29,195030345,1200
2026-09-29,195042550,9519
2026-09-29,195043001,3243
2026-09-29,195075733,510
2026-09-29,195075984,804
2026-09-29,195093975,90
2026-09-29,195125344,588
2026-09-29,195137581,2394
2026-09-29,195141280,2910
2026-09-29,195212300,276
2026-09-29,195217540,174
2026-09-29,195220905,264
2026-09-29,195234494,108
2026-09-29,195235902,558
2026-09-29,195238254,1104
2026-09-29,195254242,840
2026-09-29,195257074,1116
2026-09-29,195265923,5529
2026-09-29,195277760,711
2026-09-29,195413173,528
2026-09-29,195413175,3414
2026-09-29,195413176,1635
2026-09-29,195414502,414
2026-09-29,195436652,2976
2026-09-29,195440647,1074
2026-09-29,195475095,774
2026-09-29,195475100,1044
2026-09-29,195475102,1188
2026-09-29,195479527,1440
2026-09-29,195593367,2802
2026-09-29,195612765,5676
2026-09-29,195614571,84
2026-09-29,195775257,1974
2026-09-29,195776621,1599
2026-09-29,195811384,1218
2026-09-29,195827616,1086
2026-09-29,195827803,1740
2026-09-29,195828801,1359
2026-09-29,195832463,3414
2026-09-29,195853109,1014
2026-09-29,195856718,567
2026-09-29,195959641,5964
2026-09-29,196013239,1461
2026-09-29,196016066,432
2026-09-29,196019732,1344
2026-09-29,196020146,7176
2026-09-29,196106713,960
2026-09-29,196106714,4596
2026-09-29,196113383,1476
2026-09-29,196118220,3657
2026-09-29,196123705,756
2026-09-29,196209093,1128
2026-09-29,196263351,5172
2026-09-29,196266161,558
2026-09-29,196285732,162
2026-09-29,196319354,456
2026-09-29,196345627,1620
2026-09-29,196353226,438
2026-09-29,196359755,1986
2026-09-29,196487132,42
2026-09-29,196504323,144
2026-09-29,196512169,1440
2026-09-29,196521682,2676
2026-09-29,196551222,7770
2026-09-29,196557581,828
2026-09-29,196557823,246
2026-09-29,196560014,204
2026-09-29,196628574,1644
2026-09-29,196634675,102
2026-09-29,196648961,150
2026-09-29,196670694,660
2026-09-29,196679322,1260
2026-09-29,196681594,144
2026-09-29,196696319,366
2026-09-29,196726844,222
2026-09-29,196783010,1353
2026-09-29,196789645,180
2026-09-29,196791320,120
2026-09-29,196791321,180
2026-09-29,196815992,480
2026-09-29,196815993,180
2026-09-29,196825790,540
2026-09-29,196826852,720
2026-09-29,196898651,420
2026-09-29,196903954,420
2026-09-29,196903957,360
2026-09-29,197053334,480
2026-09-30,112343709,1524
2026-09-30,112347078,1488
2026-09-30,116860343,11037
2026-09-30,125137664,1308
2026-09-30,125648104,168
2026-09-30,129043457,246
2026-09-30,129602186,2514
2026-09-30,129602748,1812
2026-09-30,132766309,522
2026-09-30,139563085,750
2026-09-30,139604589,318
2026-09-30,139734696,2388
2026-09-30,141311308,48
2026-09-30,141312058,186
2026-09-30,142558644,90
2026-09-30,142637189,204
2026-09-30,144043886,1212
2026-09-30,145099755,1326
2026-09-30,145338919,594
2026-09-30,145575183,72
2026-09-30,145656189,72
2026-09-30,145995000,12
2026-09-30,146262491,144
2026-09-30,146741944,48
2026-09-30,147127904,564
2026-09-30,147341992,546
2026-09-30,147572534,216
2026-09-30,147852321,306
2026-09-30,148079920,36
2026-09-30,148080194,2757
2026-09-30,148369512,300
2026-09-30,148386650,444
2026-09-30,149195623,1956
2026-09-30,149385474,120
2026-09-30,149414736,9564
2026-09-30,149607439,696
2026-09-30,150009333,2163
2026-09-30,150547033,324
2026-09-30,151359723,414
2026-09-30,151852205,510
2026-09-30,152079426,16299
2026-09-30,152110612,354
2026-09-30,152111138,996
2026-09-30,152119137,3150
2026-09-30,152363144,714
2026-09-30,152449732,474
2026-09-30,152498115,282
2026-09-30,152647602,846
2026-09-30,152649327,1356
2026-09-30,152814420,2625
2026-09-30,153603522,1980
2026-09-30,153717914,156
2026-09-30,154238820,390
2026-09-30,154254878,3828
2026-09-30,157776421,1392
2026-09-30,158727530,2400
2026-09-30,159039383,882
2026-09-30,159169056,192
2026-09-30,160153205,348
2026-09-30,161924116,1242
2026-09-30,162178083,822
2026-09-30,162211876,678
2026-09-30,162322988,8646
2026-09-30,165239801,9336
2026-09-30,167144757,1440
2026-09-30,167464778,294
2026-09-30,167646172,156
2026-09-30,168274102,408
2026-09-30,168457235,408
2026-09-30,168648560,540
2026-09-30,168654454,3021
2026-09-30,168841427,444
2026-09-30,169350533,246
2026-09-30,169641363,660
2026-09-30,170430984,636
2026-09-30,170473491,1962
2026-09-30,171542281,7860
2026-09-30,171567191,1518
2026-09-30,171651782,378
2026-09-30,172551312,240
2026-09-30,174304314,912
2026-09-30,175122641,1068
2026-09-30,175133788,3528
2026-09-30,175226781,888
2026-09-30,175523653,1230
2026-09-30,175863613,1557
2026-09-30,176025748,1134
2026-09-30,176921133,222
2026-09-30,176955803,162
2026-09-30,176990624,1812
2026-09-30,177059661,450
2026-09-30,177077802,1602
2026-09-30,177114666,2046
2026-09-30,177127585,270
2026-09-30,177702125,426
2026-09-30,177808924,3360
2026-09-30,178374437,816
2026-09-30,178420804,24
2026-09-30,178728314,1410
2026-09-30,179716972,2016
2026-09-30,179740114,312
2026-09-30,180335619,2388
2026-09-30,180386716,1224
2026-09-30,180391041,180
2026-09-30,180484161,840
2026-09-30,180485366,2037
2026-09-30,180491274,390
2026-09-30,180511619,120
2026-09-30,180515096,846
2026-09-30,182116268,2088
2026-09-30,182134623,6282
2026-09-30,182758744,570
2026-09-30,182813489,948
2026-09-30,182941872,24
2026-09-30,183545796,8343
2026-09-30,183572891,1164
2026-09-30,183651449,1776
2026-09-30,183714326,2070
2026-09-30,183753179,729
2026-09-30,183754093,870
2026-09-30,184283938,588
2026-09-30,184394552,120
2026-09-30,184402617,882
2026-09-30,185714339,3438
2026-09-30,185721925,870
2026-09-30,185862675,234
2026-09-30,186676951,720
2026-09-30,186711413,120
2026-09-30,187039263,2220
2026-09-30,187041402,24
2026-09-30,187050404,930
2026-09-30,187166773,390
2026-09-30,187313988,660
2026-09-30,187572169,732
2026-09-30,187645465,348
2026-09-30,187927629,5298
2026-09-30,188014931,384
2026-09-30,188189600,1008
2026-09-30,188601300,1602
2026-09-30,189030113,228
2026-09-30,189037004,2373
2026-09-30,189205584,738
2026-09-30,189211422,15633
2026-09-30,189257260,1338
2026-09-30,189379748,336
2026-09-30,189404662,150
2026-09-30,189428579,138
2026-09-30,189438793,462
2026-09-30,189445450,1134
2026-09-30,189445841,36
2026-09-30,189477317,642
2026-09-30,189508675,426
2026-09-30,189521546,1254
2026-09-30,189522258,360
2026-09-30,189531001,8559
2026-09-30,189590860,474
2026-09-30,189610283,1002
2026-09-30,189634812,8118
2026-09-30,189674360,3492
2026-09-30,189829859,294
2026-09-30,189850864,1134
2026-09-30,189857110,1698
2026-09-30,190211456,444
2026-09-30,190278099,1398
2026-09-30,190852162,1254
2026-09-30,190877794,294
2026-09-30,190981880,276
2026-09-30,190997764,744
2026-09-30,191005623,798
2026-09-30,191211795,2334
2026-09-30,191303626,186
2026-09-30,191479561,48
2026-09-30,191481932,4269
2026-09-30,191506324,2616
2026-09-30,191507359,2394
2026-09-30,191534262,120
2026-09-30,191700749,4494
2026-09-30,191852111,516
2026-09-30,191852992,594
2026-09-30,191890082,1164
2026-09-30,192021270,216
2026-09-30,192038123,198
2026-09-30,192047818,1470
2026-09-30,192123866,294
2026-09-30,192139754,798
2026-09-30,192148896,37992
2026-09-30,192164452,1254
2026-09-30,192285191,126
2026-09-30,192470678,1224
2026-09-30,192564687,2019
2026-09-30,192564690,1272
2026-09-30,192566622,684
2026-09-30,192666096,384
2026-09-30,192687431,12
2026-09-30,192877325,24075
2026-09-30,192974931,108
2026-09-30,193050689,960
2026-09-30,193058538,492
2026-09-30,193157707,984
2026-09-30,193184189,1050
2026-09-30,193465618,360
2026-09-30,193466964,546
2026-09-30,193583379,1590
2026-09-30,193588890,552
2026-09-30,193592364,510
2026-09-30,193808287,270
2026-09-30,193816812,390
2026-09-30,193847679,270
2026-09-30,193850555,732
2026-09-30,193852769,2502
2026-09-30,193852891,6195
2026-09-30,193853503,72
2026-09-30,193918984,222
2026-09-30,193988162,174
2026-09-30,194188912,3978
2026-09-30,194189421,3354
2026-09-30,194190603,336
2026-09-30,194254800,2085
2026-09-30,194315477,1716
2026-09-30,194350050,3075
2026-09-30,194368478,558
2026-09-30,194490137,66
2026-09-30,194490698,906
2026-09-30,194491867,3153
2026-09-30,194502134,270
2026-09-30,194502817,2034
2026-09-30,194513646,7155
2026-09-30,194523745,456
2026-09-30,194591330,918
2026-09-30,194601369,669
2026-09-30,194606659,1080
2026-09-30,194643187,1119
2026-09-30,194751433,348
2026-09-30,194820568,3210
2026-09-30,194890597,1593
2026-09-30,194907391,3135
2026-09-30,194907757,807
2026-09-30,194919963,1272
2026-09-30,195027158,1845
2026-09-30,195027162,6054
2026-09-30,195027680,672
2026-09-30,195030345,1242
2026-09-30,195042550,9801
2026-09-30,195043001,3453
2026-09-30,195075733,480
2026-09-30,195075984,744
2026-09-30,195093975,90
2026-09-30,195125344,540
2026-09-30,195137581,2538
2026-09-30,195141280,2880
2026-09-30,195212300,276
2026-09-30,195217540,174
2026-09-30,195220905,246
2026-09-30,195234494,258
2026-09-30,195235902,588
2026-09-30,195238254,1026
2026-09-30,195254242,810
2026-09-30,195257074,1098
2026-09-30,195265923,5679
2026-09-30,195277760,801
2026-09-30,195413173,510
2026-09-30,195413175,3504
2026-09-30,195413176,1647
2026-09-30,195414502,414
2026-09-30,195436652,2988
2026-09-30,195440647,1086
2026-09-30,195475095,774
2026-09-30,195475100,1026
2026-09-30,195475102,1170
2026-09-30,195479527,1440
2026-09-30,195593367,2892
2026-09-30,195612765,5670
2026-09-30,195614571,84
2026-09-30,195775257,2016
2026-09-30,195776621,1623
2026-09-30,195811384,1200
2026-09-30,195827616,1266
2026-09-30,195827803,1980
2026-09-30,195828801,1341
2026-09-30,195832463,3894
2026-09-30,195853109,1098
2026-09-30,195856718,525
2026-09-30,195959641,6108
2026-09-30,196013239,1443
2026-09-30,196016066,504
2026-09-30,196019732,1326
2026-09-30,196020146,7116
2026-09-30,196106713,975
2026-09-30,196106714,4818
2026-09-30,196113383,1698
2026-09-30,196118220,4113
2026-09-30,196123705,816
2026-09-30,196209093,1005
2026-09-30,196263351,5400
2026-09-30,196266161,582
2026-09-30,196285732,126
2026-09-30,196319354,498
2026-09-30,196345627,1470
2026-09-30,196353226,438
2026-09-30,196359755,2526
2026-09-30,196487132,42
2026-09-30,196504323,204
2026-09-30,196512169,1482
2026-09-30,196521682,2799
2026-09-30,196551222,8022
2026-09-30,196557581,852
2026-09-30,196557823,426
2026-09-30,196560014,264
2026-09-30,196628574,1638
2026-09-30,196634675,102
2026-09-30,196648961,330
2026-09-30,196670694,660
2026-09-30,196679322,1398
2026-09-30,196681594,204
2026-09-30,196696319,366
2026-09-30,196701956,60
2026-09-30,196726844,342
2026-09-30,196783010,1413
2026-09-30,196789645,240
2026-09-30,196791320,300
2026-09-30,196791321,180
2026-09-30,196815992,504
2026-09-30,196815993,240
2026-09-30,196825790,528
2026-09-30,196826852,900
2026-09-30,196898651,540
2026-09-30,196903954,480
2026-09-30,196903957,510
2026-09-30,197053334,540
